Column2,Per Month ,Bi-Weekly,Per Week
Income:,,,
Expenses:,,,
Food,333.3333333,166.66666669999998,76.92307692
Car Payments,183.33333330000002,91.66666667,42.30769231
Utilities,166.66666669999998,83.33333333,38.46153846
Car Insurance,141.66666669999998,70.83333333,32.69230769
Travel,41.66666667,20.83333333,9.615384615
Taxes:,,,
Income:,,,
Game Show Winnings,54.08333333,27.04166667,12.48076923
