Per Year,Per Month ,Bi-Weekly,Per Week
Taxes:,,,
Expenses:,,,
Income:,,,
Expenses:,,,
Taxes:,,,
Expenses:,,,
2200.0,183.33333330000002,91.66666667,42.30769231
500.0,41.66666667,20.83333333,9.615384615
4000.0,333.3333333,166.66666669999998,76.92307692
2000.0,166.66666669999998,83.33333333,38.46153846
