FS_11_RF,FS_12_DT,FS_5_AB,FS_9_AB,FS_9_RF,FS_7_AB,FS_5_DT,FS_11_LR,FS_3_DT,FS_1_RF,FS_1_LR,FS_11_NB,FS_3_LR,FS_11_AB,FS_1_DT,FS_12_RF,FS_12_NB,FS_9_LR,FS_12_LR,FS_7_RF,FS_3_AB,FS_9_DT,FS_7_NB,FS_7_LR,FS_7_DT,FS_1_NB,FS_1_AB,FS_11_DT,FS_3_RF,FS_9_NB,FS_5_NB,FS_12_AB,FS_3_NB,FS_5_LR,FS_5_RF
11.0,12.0,5.0,9.0,9.0,7.0,5.0,11.0,3.0,1.0,1.0,11.0,3.0,11.0,1.0,12.0,12.0,9.0,12.0,7.0,3.0,9.0,7.0,7.0,7.0,1.0,1.0,11.0,3.0,9.0,5.0,12.0,3.0,5.0,5.0
0.7916666666666666,0.6805555555555556,0.7361111111111112,0.6875,0.7291666666666666,0.6944444444444444,0.7083333333333334,0.7708333333333334,0.7708333333333334,0.5555555555555556,0.6111111111111112,0.75,0.75,0.7152777777777778,0.6458333333333334,0.7916666666666666,0.7708333333333334,0.7083333333333334,0.7847222222222222,0.7777777777777778,0.7013888888888888,0.7291666666666666,0.7708333333333334,0.7638888888888888,0.6041666666666666,0.5486111111111112,0.6180555555555556,0.7569444444444444,0.7152777777777778,0.6875,0.6736111111111112,0.5902777777777778,0.7569444444444444,0.7777777777777778,0.7569444444444444
0.7922002510985561,0.7063840155945419,0.7547722281660003,0.6964689964689965,0.736331513464902,0.7142429916263587,0.7196797698345686,0.7795664284036378,0.8079763546173474,0.5586829891287418,0.6067965492648671,0.7594293603313392,0.7568719986752773,0.7396584896584897,0.6672619047619048,0.8145281504414631,0.7795347868877281,0.7227704678362573,0.8051007801193125,0.7925176307529248,0.7204199435370034,0.746457108397407,0.7814398856218373,0.7776945459872291,0.6243756243756243,0.5552959173648829,0.6162977301303686,0.7692926568688764,0.7280810844422335,0.6955403556771546,0.6931818181818182,0.6117810611752166,0.7689393939393939,0.7814072783584978,0.7570058374157703
0.794241037376049,0.6831041567883673,0.7468275476405557,0.6926415187865569,0.7290663573117606,0.7087962962962963,0.7198005698005701,0.7723320969855294,0.7655125342848189,0.5630644767583778,0.6048537411084484,0.7564352212455029,0.7527462924953351,0.7205214964440844,0.6286410715297966,0.7951437146252545,0.7780586462926541,0.7051678492004658,0.7887726308778941,0.7839099172432507,0.7114176512814542,0.7362015128030567,0.7795680963516904,0.7723733660130719,0.6045310937397269,0.5459576621277688,0.597043104757666,0.7624000805396154,0.7136969696969698,0.6983003692413979,0.6868246687054027,0.6063509661070637,0.7630331251423699,0.7833333333333333,0.7622606871230002
