Column2,Per Year,Per Month ,Bi-Weekly,Per Week
Taxes:,,,,
Expenses:,,,,
Car Payments,2200.0,183.33333330000002,91.66666667,42.30769231
Travel,500.0,41.66666667,20.83333333,9.615384615
Income:,,,,
Expenses:,,,,
Car Insurance,1700.0,141.66666669999998,70.83333333,32.69230769
Clothing,2000.0,166.66666669999998,83.33333333,38.46153846
Housing,10800.0,900.0,450.0,207.6923077
Taxes:,,,,
Expenses:,,,,
