Per Year,Per Month ,Bi-Weekly,Per Week
Expenses:,,,
Income:,,,
2000.0,166.66666669999998,83.33333333,38.46153846
Expenses:,,,
10800.0,900.0,450.0,207.6923077
2000.0,166.66666669999998,83.33333333,38.46153846
Income:,,,
Expenses:,,,
Taxes:,,,
