Subtitle,Per Year,Per Month ,Bi-Weekly,Per Week
Expenses:,4000.0,333.3333333,166.66666669999998,76.92307692
Income:,2000.0,166.66666669999998,83.33333333,38.46153846
Income:,2000.0,166.66666669999998,83.33333333,38.46153846
Expenses:,10800.0,900.0,450.0,207.6923077
Expenses:,2000.0,166.66666669999998,83.33333333,38.46153846
Expenses:,500.0,41.66666667,20.83333333,9.615384615
Income:,649.0,54.08333333,27.04166667,12.48076923
Expenses:,1700.0,141.66666669999998,70.83333333,32.69230769
Taxes:,11876.97,989.7475,494.87375,228.40326919999998
