SeniorCitizen,TotalCharges,StreamingTV,StreamingMovies,InternetService_No,InternetService_DSL,InternetService_Fiber optic,TechSupport,OnlineSecurity,MonthlyCharges,OnlineBackup,PhoneService,Churn,tenure,DeviceProtection,MultipleLines_No phone service,PaperlessBilling
7032.0,7032.0,7032.0,7032.0,7032.0,7032.0,7032.0,7032.0,7032.0,7032.0,7032.0,7032.0,7032.0,7032.0,7032.0,7032.0,7032.0
0.1624004550625711,2283.300440841866,0.3843856655290102,0.3883674630261661,0.2161547212741752,0.3435722411831627,0.4402730375426621,0.2901023890784983,0.286547212741752,64.79820819112628,0.3448521046643913,0.9032992036405004,0.2657849829351535,32.42178612059159,0.3438566552901024,0.0967007963594994,0.5927189988623436
0.3688439967571051,2266.7713618831453,0.4864843074333494,0.4874135421768257,0.41165028310107393,0.4749341352656061,0.4964551736124986,0.4538416944717606,0.4521802563790777,30.08597388404984,0.4753538301712343,0.2955709320291018,0.4417817113525549,24.545259709263252,0.4750277308912676,0.2955709320291018,0.4913629222565288
0.0,18.8,0.0,0.0,0.0,0.0,0.0,0.0,0.0,18.25,0.0,0.0,0.0,1.0,0.0,0.0,0.0
0.0,401.45,0.0,0.0,0.0,0.0,0.0,0.0,0.0,35.58750000000001,0.0,1.0,0.0,9.0,0.0,0.0,0.0
0.0,1397.475,0.0,0.0,0.0,0.0,0.0,0.0,0.0,70.35,0.0,1.0,0.0,29.0,0.0,0.0,1.0
0.0,3794.7375,1.0,1.0,0.0,1.0,1.0,1.0,1.0,89.86249999999998,1.0,1.0,1.0,55.0,1.0,0.0,1.0
1.0,8684.8,1.0,1.0,1.0,1.0,1.0,1.0,1.0,118.75,1.0,1.0,1.0,72.0,1.0,1.0,1.0
