FS_11_LR,FS_9_AB,FS_1_AB,FS_1_NB,FS_7_DT,FS_7_NB,FS_5_DT,FS_9_DT,FS_1_LR,FS_12_RF,FS_7_RF,FS_7_AB,FS_12_AB,FS_1_RF,FS_11_RF,FS_12_DT,FS_11_NB,FS_3_AB,FS_7_LR
0.7708333333333334,0.6875,0.6180555555555556,0.5486111111111112,0.6041666666666666,0.7708333333333334,0.7083333333333334,0.7291666666666666,0.6111111111111112,0.7916666666666666,0.7777777777777778,0.6944444444444444,0.5902777777777778,0.5555555555555556,0.7916666666666666,0.6805555555555556,0.75,0.7013888888888888,0.7638888888888888
0.7795664284036378,0.6964689964689965,0.6162977301303686,0.5552959173648829,0.6243756243756243,0.7814398856218373,0.7196797698345686,0.746457108397407,0.6067965492648671,0.8145281504414631,0.7925176307529248,0.7142429916263587,0.6117810611752166,0.5586829891287418,0.7922002510985561,0.7063840155945419,0.7594293603313392,0.7204199435370034,0.7776945459872291
11.0,9.0,1.0,1.0,7.0,7.0,5.0,9.0,1.0,12.0,7.0,7.0,12.0,1.0,11.0,12.0,11.0,3.0,7.0
0.7670748879329277,0.6906432748538012,0.5998232014143886,0.6026079410412336,0.6048001234758451,0.7968050625096467,0.7316239316239316,0.7334263689526846,0.6084558942576078,0.7847286226318483,0.7801872716983073,0.7086870401810978,0.6024193548387097,0.5687668784364011,0.7981081011251921,0.6727086533538147,0.7718223979123874,0.7084099136730716,0.7682384112774606
