{
    "args": {
        "outdir": "logs/test2",
        "batch_size": 8,
        "epochs": 10,
        "device": "cuda"
    },
    "train_loss": [
        1.9077930379269727,
        1.6307642112916976,
        1.5733254703123178,
        1.5355708047525207,
        1.4786899961642366,
        1.4459073685888033,
        1.4281724851522872,
        1.4232925212205345,
        1.3876292545404008,
        1.3642806748845684
    ],
    "val_loss": [
        1.765395853970502,
        1.6821330334689166,
        1.6540026535858978,
        1.6724514864586495,
        1.6278811854285162,
        1.6507293308103406,
        1.6244321997101243,
        1.6132501041567004,
        1.5637903922312968,
        1.566362029797322
    ],
    "train_accuracy": [],
    "val_accuracy": [
        0.5121107266435986,
        0.5847750865051903,
        0.615916955017301,
        0.6020761245674741,
        0.6470588235294118,
        0.6193771626297578,
        0.6332179930795848,
        0.6366782006920415,
        0.71280276816609,
        0.6816608996539792
    ]
}