Cost of Loan,LOAN PERIOD IN YEARS,150000,SCHEDULED PAYMENT,TOTAL INTEREST,ANNUAL INTEREST RATE,TOTAL PAYMENTS,PAYMENT FREQUENCY
268367.5286,30,SCENARIO 4,737.0126717999999,68518.66159,0.03,360,Monthly
237584.0661,20,SCENARIO 1,989.9336088,87584.06612,0.05,240,Monthly
289753.762,30,SCENARIO 2,402.4357805,139753.762,0.05,720,Bi-monthly
218152.9185,20,SCENARIO 3,908.9704939,68152.91855,0.04,240,Monthly
218504.8873,20,SCENARIO 5,802.7409741,68463.69704,0.05,290,Bi-monthly
