MultipleLines_Yes,InternetService_No,SeniorCitizen,TotalCharges,Dependents,StreamingMovies,PaymentMethod_Electronic check,PaperlessBilling,OnlineSecurity,Churn,MultipleLines_No,InternetService_DSL,MultipleLines_No phone service,tenure,OnlineBackup,MonthlyCharges,Contract_One year,PaymentMethod_Credit card (automatic),PaymentMethod_Bank transfer (automatic),StreamingTV,PhoneService,DeviceProtection,InternetService_Fiber optic,Contract_Month-to-month,PaymentMethod_Mailed check,Partner
7032.0,7032.0,7032.0,7032.0,7032.0,7032.0,7032.0,7032.0,7032.0,7032.0,7032.0,7032.0,7032.0,7032.0,7032.0,7032.0,7032.0,7032.0,7032.0,7032.0,7032.0,7032.0,7032.0,7032.0,7032.0,7032.0
0.4219283276450511,0.2161547212741752,0.1624004550625711,2283.300440841866,0.2984926052332196,0.3883674630261661,0.3363196814562002,0.5927189988623436,0.286547212741752,0.2657849829351535,0.4813708759954493,0.3435722411831627,0.0967007963594994,32.42178612059159,0.3448521046643913,64.79820819112628,0.2093287827076222,0.216296928327645,0.2192832764505119,0.3843856655290102,0.9032992036405004,0.3438566552901024,0.4402730375426621,0.5510523321956771,0.2281001137656427,0.4825085324232082
0.4939023222194599,0.41165028310107393,0.3688439967571051,2266.7713618831453,0.45762927299583706,0.4874135421768257,0.472483332716697,0.4913629222565288,0.4521802563790777,0.4417817113525549,0.4996883660837622,0.4749341352656061,0.2955709320291018,24.545259709263252,0.4753538301712343,30.08597388404984,0.4068584317786347,0.4117483168573753,0.4137903698282622,0.4864843074333494,0.2955709320291018,0.4750277308912676,0.4964551736124986,0.4974222004539452,0.4196373361452227,0.4997294886907991
0.0,0.0,0.0,18.8,0.0,0.0,0.0,0.0,0.0,0.0,0.0,0.0,0.0,1.0,0.0,18.25,0.0,0.0,0.0,0.0,0.0,0.0,0.0,0.0,0.0,0.0
0.0,0.0,0.0,401.45,0.0,0.0,0.0,0.0,0.0,0.0,0.0,0.0,0.0,9.0,0.0,35.58750000000001,0.0,0.0,0.0,0.0,1.0,0.0,0.0,0.0,0.0,0.0
0.0,0.0,0.0,1397.475,0.0,0.0,0.0,1.0,0.0,0.0,0.0,0.0,0.0,29.0,0.0,70.35,0.0,0.0,0.0,0.0,1.0,0.0,0.0,1.0,0.0,0.0
1.0,0.0,0.0,3794.7375,1.0,1.0,1.0,1.0,1.0,1.0,1.0,1.0,0.0,55.0,1.0,89.86249999999998,0.0,0.0,0.0,1.0,1.0,1.0,1.0,1.0,0.0,1.0
1.0,1.0,1.0,8684.8,1.0,1.0,1.0,1.0,1.0,1.0,1.0,1.0,1.0,72.0,1.0,118.75,1.0,1.0,1.0,1.0,1.0,1.0,1.0,1.0,1.0,1.0
