Data Type,Mdot Hot [kg/s],Qf [W],Vdot Hot [m3/min],Vdot Cold [m3/min],Mean Temp Efficiency [%],U [W/m2.K],Qa [W],Mdot Cold [kg/s]
75%,0.041174097,-0.039840681,4.16e-05,3.9399999999999995e-05,21.66519668,1.973412985,1.030065326,0.039311159
25%,0.041266847999999995,-0.030105648999999998,4.1700000000000004e-05,2.9299999999999997e-05,22.74818817,1.756241809,0.8910163040000001,0.02919272
100%,0.041166464,-0.023765515,4.16e-05,4.28e-05,21.42424655,2.05003918,1.008348797,0.042665352000000004
