SCENARIO 1,SCENARIO 5,SCENARIO 4,SCENARIO 2,SCENARIO 3
20,20,30,30,20
Monthly,Bi-monthly,Monthly,Bi-monthly,Monthly
0.05,0.05,0.03,0.05,0.04
989.9336088,802.7409741,737.0126717999999,402.4357805,908.9704939
240,290,360,720,240
87584.06612,68463.69704,68518.66159,139753.762,68152.91855
237584.0661,218504.8873,268367.5286,289753.762,218152.9185
