Column2,Per Year,Per Month ,Bi-Weekly,Per Week
Taxes:,,,,
Income:,,,,
Expenses:,,,,
Income:,,,,
Expenses:,,,,
Utilities,2000.0,166.66666669999998,83.33333333,38.46153846
Clothing,2000.0,166.66666669999998,83.33333333,38.46153846
Taxes:,,,,
Expenses:,,,,
Food,4000.0,333.3333333,166.66666669999998,76.92307692
Transportation,700.0,58.33333333,29.16666667,13.46153846
Income:,,,,
