SCENARIO 1,SCENARIO 4,SCENARIO 5,SCENARIO 2
20,30,20,30
Monthly,Monthly,Bi-monthly,Bi-monthly
0.05,0.03,0.05,0.05
989.9336088,737.0126717999999,802.7409741,402.4357805
87584.06612,68518.66159,68463.69704,139753.762
237584.0661,268367.5286,218504.8873,289753.762
