150000,LOAN PERIOD IN YEARS,PAYMENT FREQUENCY,ANNUAL INTEREST RATE,SCHEDULED PAYMENT,TOTAL INTEREST,Cost of Loan
SCENARIO 1,20,Monthly,0.05,989.9336088,87584.06612,237584.0661
SCENARIO 4,30,Monthly,0.03,737.0126717999999,68518.66159,268367.5286
SCENARIO 5,20,Bi-monthly,0.05,802.7409741,68463.69704,218504.8873
SCENARIO 2,30,Bi-monthly,0.05,402.4357805,139753.762,289753.762
