Total Number of Deaths ,Percent of Deaths,Crude Death Rate ,Age-adjusted Death Rate
Age,,,
437.0,0.009000000000000001,142.5,0.0
157.0,0.003,20.6,0.0
487.0,0.01,77.2,0.0
10358.0,0.207,327.9,0.0
Sex,,,
25437.0,0.51,879.2,614.4
Race/Ethnicity,,,
45929.0,0.916069968,916.2,696.6
2377.0,0.047410096,586.3,960.3
400.0,0.00797814,653.6,1028.5
304.0,0.006063386,199.2,416.9
711.0,0.014181144,161.3,467.3
