Confidence,Id,Type
77.965172, 02398123-a642-4e3f-88a7, LINE
97.186539, c85bbbe, LINE
