Mdot Hot [kg/s],Vdot Hot [m3/min],Qe [W],Mdot Cold [kg/s],Vdot Cold [m3/min],Qa [W],U [W/m2.K],Data Type,Mean Temp Efficiency [%]
0.041166464,4.16e-05,0.99734406,0.042665352000000004,4.28e-05,1.008348797,2.05003918,100%,21.42424655
0.041273804,4.18e-05,0.851212106,0.028433838,2.8499999999999998e-05,0.880587628,1.739953971,0%,22.82941253
0.041174097,4.16e-05,0.9902246440000001,0.039311159,3.9399999999999995e-05,1.030065326,1.973412985,75%,21.66519668
0.041266847999999995,4.1700000000000004e-05,0.860910655,0.02919272,2.9299999999999997e-05,0.8910163040000001,1.756241809,25%,22.74818817
0.041290036,4.18e-05,0.828582158,0.026663111,2.6700000000000002e-05,0.856254049,1.701949015,50%,23.01893604
