Column2,Per Year,Per Month ,Bi-Weekly
Expenses:,,,
Clothing,2000.0,166.66666669999998,83.33333333
Utilities,2000.0,166.66666669999998,83.33333333
Travel,500.0,41.66666667,20.83333333
Income:,,,
Expenses:,,,
Taxes:,,,
Income:,,,
