Subtitle,Column2,Per Year,Per Month ,Bi-Weekly
Expenses:,Clothing,2000.0,166.66666669999998,83.33333333
Expenses:,Utilities,2000.0,166.66666669999998,83.33333333
Expenses:,Travel,500.0,41.66666667,20.83333333
Expenses:,Car Payments,2200.0,183.33333330000002,91.66666667
Income:,Job,46990.0,3915.833333,1807.307692
Expenses:,Car Insurance,1700.0,141.66666669999998,70.83333333
Taxes:,Federal,11876.97,989.7475,494.87375
Income:,Game Show Winnings,649.0,54.08333333,27.04166667
