ANNUAL INTEREST RATE,Cost of Loan,150000,SCHEDULED PAYMENT,LOAN PERIOD IN YEARS,PAYMENT FREQUENCY,TOTAL PAYMENTS
0.05,237584.0661,SCENARIO 1,989.9336088,20,Monthly,240
0.05,289753.762,SCENARIO 2,402.4357805,30,Bi-monthly,720
0.04,218152.9185,SCENARIO 3,908.9704939,20,Monthly,240
0.03,268367.5286,SCENARIO 4,737.0126717999999,30,Monthly,360
0.05,218504.8873,SCENARIO 5,802.7409741,20,Bi-monthly,290
