SCENARIO 3,SCENARIO 2,SCENARIO 4,SCENARIO 5,SCENARIO 1
20,30,30,20,20
Monthly,Bi-monthly,Monthly,Bi-monthly,Monthly
0.04,0.05,0.03,0.05,0.05
908.9704939,402.4357805,737.0126717999999,802.7409741,989.9336088
240,720,360,290,240
68152.91855,139753.762,68518.66159,68463.69704,87584.06612
