Density,Index,Uniqueness
0.8640000000000001,birthdate,0.688
0.447,deathdate,0.809
1.0,gender,0.0
1.0,label,1.0
0.23399999999999999,work,0.9890000000000001
