TOTAL PAYMENTS,ANNUAL INTEREST RATE,150000,SCHEDULED PAYMENT,PAYMENT FREQUENCY,TOTAL INTEREST,Cost of Loan
240,0.05,SCENARIO 1,989.9336088,Monthly,87584.06612,237584.0661
720,0.05,SCENARIO 2,402.4357805,Bi-monthly,139753.762,289753.762
240,0.04,SCENARIO 3,908.9704939,Monthly,68152.91855,218152.9185
360,0.03,SCENARIO 4,737.0126717999999,Monthly,68518.66159,268367.5286
290,0.05,SCENARIO 5,802.7409741,Bi-monthly,68463.69704,218504.8873
