Mdot Cold [kg/s],Vdot Hot [m3/min],Vdot Cold [m3/min],Data Type,Qe [W],Qa [W],Qf [W],U [W/m2.K],Mdot Hot [kg/s],Mean Temp Efficiency [%]
0.042665352000000004,4.16e-05,4.28e-05,100%,0.99734406,1.008348797,-0.023765515,2.05003918,0.041166464,21.42424655
0.039311159,4.16e-05,3.9399999999999995e-05,75%,0.9902246440000001,1.030065326,-0.039840681,1.973412985,0.041174097,21.66519668
0.026663111,4.18e-05,2.6700000000000002e-05,50%,0.828582158,0.856254049,-0.027671891,1.701949015,0.041290036,23.01893604
0.02919272,4.1700000000000004e-05,2.9299999999999997e-05,25%,0.860910655,0.8910163040000001,-0.030105648999999998,1.756241809,0.041266847999999995,22.74818817
0.028433838,4.18e-05,2.8499999999999998e-05,0%,0.851212106,0.880587628,-0.029375522,1.739953971,0.041273804,22.82941253
