Type,Confidence,Id
 LINE,97.186539, c85bbbe
 LINE,47.749722, 28926a7a-78024c80-b9c5
 LINE,77.965172, 02398123-a642-4e3f-88a7
