feature_8,feature_17,feature_19,feature_14,feature_10,feature_16,feature_3,feature_5,feature_18,feature_9,feature_15
1200.0,1200.0,1200.0,1200.0,1200.0,1200.0,1200.0,1200.0,1200.0,1200.0,1200.0
0.1238375099375358,0.0683417500639123,-0.7471408781761119,0.6496456110360552,0.0989935171090012,-0.7471408781761119,0.4697134264131282,0.6961257351110464,0.1069225372249948,0.1313663950958975,0.0779178331696463
0.9869407558397272,1.900225742585468,2.7938028200108365,1.8696007457121373,1.0024582020545418,2.7938028200108365,3.3121292342034914,2.0787724548067104,2.1761467214341583,1.0206292744428929,1.0131336755216318
-3.5999528898281405,-6.935910017345276,-9.86004440035872,-5.833411754440237,-3.134555986515037,-9.86004440035872,-10.323059456364934,-6.013839431736589,-7.405919406413733,-3.354130582057377,-3.0203886665060367
-0.5302807905607982,-1.2413081347297727,-2.666885044436455,-0.6648222270867582,-0.5984767704064529,-2.666885044436455,-1.6890150565666278,-0.6371285488985584,-1.3658995525363615,-0.5508043374081996,-0.614358872816126
0.1559134620846001,0.0877869440886609,-0.7489449145145839,0.5818412597199094,0.1033724714360629,-0.7489449145145839,0.5848517066392174,0.7257941073928625,0.1258605017094855,0.1326409435817149,0.0958856715361728
0.7816174103394402,1.3405636500434892,1.1187073912684145,1.9527075906457445,0.7893461390034477,1.1187073912684145,2.581295437979767,2.1169040858689954,1.6103296854444689,0.8209779955884705,0.7564995752498124
