Qa [W],Vdot Hot [m3/min],Qf [W],Vdot Cold [m3/min],Data Type,Mdot Hot [kg/s],Qe [W],Mean Temp Efficiency [%],Mdot Cold [kg/s],U [W/m2.K]
0.8910163040000001,4.1700000000000004e-05,-0.030105648999999998,2.9299999999999997e-05,25%,0.041266847999999995,0.860910655,22.74818817,0.02919272,1.756241809
1.008348797,4.16e-05,-0.023765515,4.28e-05,100%,0.041166464,0.99734406,21.42424655,0.042665352000000004,2.05003918
1.030065326,4.16e-05,-0.039840681,3.9399999999999995e-05,75%,0.041174097,0.9902246440000001,21.66519668,0.039311159,1.973412985
0.856254049,4.18e-05,-0.027671891,2.6700000000000002e-05,50%,0.041290036,0.828582158,23.01893604,0.026663111,1.701949015
0.880587628,4.18e-05,-0.029375522,2.8499999999999998e-05,0%,0.041273804,0.851212106,22.82941253,0.028433838,1.739953971
