feature_11,feature_4,feature_5,feature_12,label,feature_20,feature_16,feature_1,feature_14,feature_6,feature_15,feature_18,feature_2,feature_17,feature_10,feature_19
1200.0,1200.0,1200.0,1200.0,1200.0,1200.0,1200.0,1200.0,1200.0,1200.0,1200.0,1200.0,1200.0,1200.0,1200.0,1200.0
-0.9132016521959276,0.8244320534205398,0.6961257351110464,-0.4708141358040855,0.4941666666666666,-0.3992761640186691,-0.7471408781761119,0.0453312169085378,0.6496456110360552,0.1487281249288722,0.0779178331696463,0.1069225372249948,0.0646922614990649,0.0683417500639123,0.0989935171090012,-0.7471408781761119
1.8032528477148373,3.1514907172106126,2.0787724548067104,1.9701094032947195,0.5001744205088178,2.051649586321497,2.7938028200108365,1.0232586998830142,1.8696007457121373,2.237656885641747,1.0131336755216318,2.1761467214341583,1.9773756532840083,1.900225742585468,1.0024582020545418,2.7938028200108365
-6.9407906679269225,-7.277016119205168,-6.013839431736589,-7.163370800454115,0.0,-7.041446380624821,-9.86004440035872,-3.0650472794355066,-5.833411754440237,-6.555282839045559,-3.0203886665060367,-7.405919406413733,-5.552174536439463,-6.935910017345276,-3.134555986515037,-9.86004440035872
-2.142057147159501,-1.3995338057674764,-0.6371285488985584,-1.7964259367937505,0.0,-1.753808465650215,-2.666885044436455,-0.6301705462588162,-0.6648222270867582,-1.3925970024081158,-0.614358872816126,-1.3658995525363615,-1.3246678860284842,-1.2413081347297727,-0.5984767704064529,-2.666885044436455
-0.9610213667421824,0.7616719066426132,0.7257941073928625,-0.6268370086136785,0.0,-0.4364072869666682,-0.7489449145145839,0.0432454486444081,0.5818412597199094,0.0700193533655404,0.0958856715361728,0.1258605017094855,-0.035815509113735,0.0877869440886609,0.1033724714360629,-0.7489449145145839
0.2429858005743711,2.8316187894367304,2.1169040858689954,0.6726949269113861,1.0,1.0256480883662975,1.1187073912684145,0.7616917259809589,1.9527075906457445,1.5641398778275422,0.7564995752498124,1.6103296854444689,1.3906299103460449,1.3405636500434892,0.7893461390034477,1.1187073912684145
4.694999847248621,13.21107024078557,10.67248556481024,6.226882315091423,1.0,6.7439568689868805,7.624788556869078,3.7235299019975847,6.042162994853367,7.462511335107901,2.9960538507175642,7.4398118482326385,7.409010716838497,5.658121716252966,2.7664089946682906,7.624788556869078
