TechSupport,MonthlyCharges,Churn,DeviceProtection,Contract_Month-to-month,PaymentMethod_Mailed check,Dependents,PaymentMethod_Credit card (automatic),Contract_One year,tenure,Contract_Two year,OnlineSecurity,MultipleLines_Yes,Partner,PaymentMethod_Electronic check,SeniorCitizen,StreamingTV,PaymentMethod_Bank transfer (automatic),InternetService_Fiber optic,StreamingMovies,InternetService_No,InternetService_DSL,OnlineBackup,MultipleLines_No,gender
7032.0,7032.0,7032.0,7032.0,7032.0,7032.0,7032.0,7032.0,7032.0,7032.0,7032.0,7032.0,7032.0,7032.0,7032.0,7032.0,7032.0,7032.0,7032.0,7032.0,7032.0,7032.0,7032.0,7032.0,7032.0
0.2901023890784983,64.79820819112628,0.2657849829351535,0.3438566552901024,0.5510523321956771,0.2281001137656427,0.2984926052332196,0.216296928327645,0.2093287827076222,32.42178612059159,0.2396188850967008,0.286547212741752,0.4219283276450511,0.4825085324232082,0.3363196814562002,0.1624004550625711,0.3843856655290102,0.2192832764505119,0.4402730375426621,0.3883674630261661,0.2161547212741752,0.3435722411831627,0.3448521046643913,0.4813708759954493,0.5046928327645052
0.4538416944717606,30.08597388404984,0.4417817113525549,0.4750277308912676,0.4974222004539452,0.4196373361452227,0.45762927299583706,0.4117483168573753,0.4068584317786347,24.545259709263252,0.4268812352987827,0.4521802563790777,0.4939023222194599,0.4997294886907991,0.472483332716697,0.3688439967571051,0.4864843074333494,0.4137903698282622,0.4964551736124986,0.4874135421768257,0.41165028310107393,0.4749341352656061,0.4753538301712343,0.4996883660837622,0.5000135308251334
0.0,18.25,0.0,0.0,0.0,0.0,0.0,0.0,0.0,1.0,0.0,0.0,0.0,0.0,0.0,0.0,0.0,0.0,0.0,0.0,0.0,0.0,0.0,0.0,0.0
0.0,35.58750000000001,0.0,0.0,0.0,0.0,0.0,0.0,0.0,9.0,0.0,0.0,0.0,0.0,0.0,0.0,0.0,0.0,0.0,0.0,0.0,0.0,0.0,0.0,0.0
0.0,70.35,0.0,0.0,1.0,0.0,0.0,0.0,0.0,29.0,0.0,0.0,0.0,0.0,0.0,0.0,0.0,0.0,0.0,0.0,0.0,0.0,0.0,0.0,1.0
1.0,89.86249999999998,1.0,1.0,1.0,0.0,1.0,0.0,0.0,55.0,0.0,1.0,1.0,1.0,1.0,0.0,1.0,0.0,1.0,1.0,0.0,1.0,1.0,1.0,1.0
1.0,118.75,1.0,1.0,1.0,1.0,1.0,1.0,1.0,72.0,1.0,1.0,1.0,1.0,1.0,1.0,1.0,1.0,1.0,1.0,1.0,1.0,1.0,1.0,1.0
