Data Type,Qe [W],Qa [W],Mdot Hot [kg/s],Mdot Cold [kg/s],Qf [W],Mean Temp Efficiency [%],Vdot Hot [m3/min],Vdot Cold [m3/min]
0%,0.851212106,0.880587628,0.041273804,0.028433838,-0.029375522,22.82941253,4.18e-05,2.8499999999999998e-05
75%,0.9902246440000001,1.030065326,0.041174097,0.039311159,-0.039840681,21.66519668,4.16e-05,3.9399999999999995e-05
50%,0.828582158,0.856254049,0.041290036,0.026663111,-0.027671891,23.01893604,4.18e-05,2.6700000000000002e-05
