feature_14,feature_15,feature_7,feature_10,feature_19,feature_1,feature_8,feature_5,feature_13,label,feature_9,feature_11,feature_3,feature_20,feature_2,feature_18
1200.0,1200.0,1200.0,1200.0,1200.0,1200.0,1200.0,1200.0,1200.0,1200.0,1200.0,1200.0,1200.0,1200.0,1200.0,1200.0
0.6496456110360552,0.0779178331696463,0.1219212301694464,0.0989935171090012,-0.7471408781761119,0.0453312169085378,0.1238375099375358,0.6961257351110464,-0.2950002587221623,0.4941666666666666,0.1313663950958975,-0.9132016521959276,0.4697134264131282,-0.3992761640186691,0.0646922614990649,0.1069225372249948
1.8696007457121373,1.0131336755216318,1.0038028122893254,1.0024582020545418,2.7938028200108365,1.0232586998830142,0.9869407558397272,2.0787724548067104,3.1542955885891466,0.5001744205088178,1.0206292744428929,1.8032528477148373,3.3121292342034914,2.051649586321497,1.9773756532840083,2.1761467214341583
-5.833411754440237,-3.0203886665060367,-3.443464794857125,-3.134555986515037,-9.86004440035872,-3.0650472794355066,-3.5999528898281405,-6.013839431736589,-10.919650497726302,0.0,-3.354130582057377,-6.9407906679269225,-10.323059456364934,-7.041446380624821,-5.552174536439463,-7.405919406413733
-0.6648222270867582,-0.614358872816126,-0.5516850659584926,-0.5984767704064529,-2.666885044436455,-0.6301705462588162,-0.5302807905607982,-0.6371285488985584,-2.3583182158556006,0.0,-0.5508043374081996,-2.142057147159501,-1.6890150565666278,-1.753808465650215,-1.3246678860284842,-1.3658995525363615
0.5818412597199094,0.0958856715361728,0.1425771079214099,0.1033724714360629,-0.7489449145145839,0.0432454486444081,0.1559134620846001,0.7257941073928625,-0.2001603155740299,0.0,0.1326409435817149,-0.9610213667421824,0.5848517066392174,-0.4364072869666682,-0.035815509113735,0.1258605017094855
1.9527075906457445,0.7564995752498124,0.8348153412948118,0.7893461390034477,1.1187073912684145,0.7616917259809589,0.7816174103394402,2.1169040858689954,1.8328992838715927,1.0,0.8209779955884705,0.2429858005743711,2.581295437979767,1.0256480883662975,1.3906299103460449,1.6103296854444689
