FS_11_AB,FS_11_LR,FS_11_DT,FS_7_AB,FS_9_RF,FS_1_RF,FS_9_LR,FS_3_LR,FS_5_LR,FS_5_RF,FS_1_DT,FS_3_RF,FS_12_LR,FS_11_NB,FS_9_DT,FS_12_NB,FS_7_LR,FS_1_NB,FS_12_DT
11.0,11.0,11.0,7.0,9.0,1.0,9.0,3.0,5.0,5.0,1.0,3.0,12.0,11.0,9.0,12.0,7.0,1.0,12.0
0.7152777777777778,0.7708333333333334,0.7569444444444444,0.6944444444444444,0.7291666666666666,0.5555555555555556,0.7083333333333334,0.75,0.7777777777777778,0.7569444444444444,0.6458333333333334,0.7152777777777778,0.7847222222222222,0.75,0.7291666666666666,0.7708333333333334,0.7638888888888888,0.5486111111111112,0.6805555555555556
0.7396584896584897,0.7795664284036378,0.7692926568688764,0.7142429916263587,0.736331513464902,0.5586829891287418,0.7227704678362573,0.7568719986752773,0.7814072783584978,0.7570058374157703,0.6672619047619048,0.7280810844422335,0.8051007801193125,0.7594293603313392,0.746457108397407,0.7795347868877281,0.7776945459872291,0.5552959173648829,0.7063840155945419
0.7146811094317198,0.7670748879329277,0.7626471082173908,0.7086870401810978,0.7237905369484317,0.5687668784364011,0.6941919191919191,0.749818991924255,0.7856837606837607,0.7700854700854701,0.6254881389520314,0.7085769980506823,0.779352278545827,0.7718223979123874,0.7334263689526846,0.7835637480798772,0.7682384112774606,0.6026079410412336,0.6727086533538147
0.7205214964440844,0.7723320969855294,0.7624000805396154,0.7087962962962963,0.7290663573117606,0.5630644767583778,0.7051678492004658,0.7527462924953351,0.7833333333333333,0.7622606871230002,0.6286410715297966,0.7136969696969698,0.7887726308778941,0.7564352212455029,0.7362015128030567,0.7780586462926541,0.7723733660130719,0.5459576621277688,0.6831041567883673
