Mean Temp Efficiency [%],Qa [W],Data Type,Vdot Cold [m3/min],Mdot Cold [kg/s],Qe [W],Vdot Hot [m3/min],U [W/m2.K],Mdot Hot [kg/s]
21.66519668,1.030065326,75%,3.9399999999999995e-05,0.039311159,0.9902246440000001,4.16e-05,1.973412985,0.041174097
23.01893604,0.856254049,50%,2.6700000000000002e-05,0.026663111,0.828582158,4.18e-05,1.701949015,0.041290036
21.42424655,1.008348797,100%,4.28e-05,0.042665352000000004,0.99734406,4.16e-05,2.05003918,0.041166464
22.82941253,0.880587628,0%,2.8499999999999998e-05,0.028433838,0.851212106,4.18e-05,1.739953971,0.041273804
