Vdot Hot [m3/min],Mean Temp Efficiency [%],Qe [W],Mdot Cold [kg/s],U [W/m2.K],Mdot Hot [kg/s],Data Type,Qa [W],Qf [W],Vdot Cold [m3/min]
4.16e-05,21.42424655,0.99734406,0.042665352000000004,2.05003918,0.041166464,100%,1.008348797,-0.023765515,4.28e-05
4.18e-05,23.01893604,0.828582158,0.026663111,1.701949015,0.041290036,50%,0.856254049,-0.027671891,2.6700000000000002e-05
4.18e-05,22.82941253,0.851212106,0.028433838,1.739953971,0.041273804,0%,0.880587628,-0.029375522,2.8499999999999998e-05
4.16e-05,21.66519668,0.9902246440000001,0.039311159,1.973412985,0.041174097,75%,1.030065326,-0.039840681,3.9399999999999995e-05
