Data Type,Qe [W],Qa [W],Mdot Hot [kg/s],Mdot Cold [kg/s],Qf [W],U [W/m2.K],Mean Temp Efficiency [%],Vdot Hot [m3/min]
50%,0.828582158,0.856254049,0.041290036,0.026663111,-0.027671891,1.701949015,23.01893604,4.18e-05
0%,0.851212106,0.880587628,0.041273804,0.028433838,-0.029375522,1.739953971,22.82941253,4.18e-05
25%,0.860910655,0.8910163040000001,0.041266847999999995,0.02919272,-0.030105648999999998,1.756241809,22.74818817,4.1700000000000004e-05
100%,0.99734406,1.008348797,0.041166464,0.042665352000000004,-0.023765515,2.05003918,21.42424655,4.16e-05
75%,0.9902246440000001,1.030065326,0.041174097,0.039311159,-0.039840681,1.973412985,21.66519668,4.16e-05
