Column2,Per Year,Per Month ,Bi-Weekly,Per Week
Expenses:,,,,
Car Insurance,1700.0,141.66666669999998,70.83333333,32.69230769
Income:,,,,
Job,46990.0,3915.833333,1807.307692,903.6538462000001
Expenses:,,,,
Income:,,,,
Expenses:,,,,
Taxes:,,,,
Federal,11876.97,989.7475,494.87375,228.40326919999998
Expenses:,,,,
Food,4000.0,333.3333333,166.66666669999998,76.92307692
Clothing,2000.0,166.66666669999998,83.33333333,38.46153846
Transportation,700.0,58.33333333,29.16666667,13.46153846
