feature_6,feature_3,feature_12,feature_10,feature_13,feature_19,feature_14,feature_18,feature_8,feature_2,feature_5,label
7.462511335107901,12.361024714886215,6.226882315091423,2.7664089946682906,9.201397040989534,7.624788556869078,6.042162994853367,7.4398118482326385,3.6088438345066014,7.409010716838497,10.67248556481024,1.0
0.1487281249288722,0.4697134264131282,-0.4708141358040855,0.0989935171090012,-0.2950002587221623,-0.7471408781761119,0.6496456110360552,0.1069225372249948,0.1238375099375358,0.0646922614990649,0.6961257351110464,0.4941666666666666
-6.555282839045559,-10.323059456364934,-7.163370800454115,-3.134555986515037,-10.919650497726302,-9.86004440035872,-5.833411754440237,-7.405919406413733,-3.5999528898281405,-5.552174536439463,-6.013839431736589,0.0
-1.3925970024081158,-1.6890150565666278,-1.7964259367937505,-0.5984767704064529,-2.3583182158556006,-2.666885044436455,-0.6648222270867582,-1.3658995525363615,-0.5302807905607982,-1.3246678860284842,-0.6371285488985584,0.0
1.5641398778275422,2.581295437979767,0.6726949269113861,0.7893461390034477,1.8328992838715927,1.1187073912684145,1.9527075906457445,1.6103296854444689,0.7816174103394402,1.3906299103460449,2.1169040858689954,1.0
2.237656885641747,3.3121292342034914,1.9701094032947195,1.0024582020545418,3.1542955885891466,2.7938028200108365,1.8696007457121373,2.1761467214341583,0.9869407558397272,1.9773756532840083,2.0787724548067104,0.5001744205088178
0.0700193533655404,0.5848517066392174,-0.6268370086136785,0.1033724714360629,-0.2001603155740299,-0.7489449145145839,0.5818412597199094,0.1258605017094855,0.1559134620846001,-0.035815509113735,0.7257941073928625,0.0
1200.0,1200.0,1200.0,1200.0,1200.0,1200.0,1200.0,1200.0,1200.0,1200.0,1200.0,1200.0
