SCENARIO 1,SCENARIO 4,SCENARIO 5
240,360,290
989.9336088,737.0126717999999,802.7409741
0.05,0.03,0.05
87584.06612,68518.66159,68463.69704
Monthly,Monthly,Bi-monthly
237584.0661,268367.5286,218504.8873
