150000,TOTAL PAYMENTS,SCHEDULED PAYMENT,ANNUAL INTEREST RATE,TOTAL INTEREST,PAYMENT FREQUENCY,Cost of Loan
SCENARIO 1,240,989.9336088,0.05,87584.06612,Monthly,237584.0661
SCENARIO 4,360,737.0126717999999,0.03,68518.66159,Monthly,268367.5286
SCENARIO 5,290,802.7409741,0.05,68463.69704,Bi-monthly,218504.8873
